<?xml version="1.0" encoding="UTF-8"?>
<GenRun Id="synth_1" LaunchPart="xc7z010clg400-1" LaunchTime="1543464693">
  <File Type="PA-TCL" Name="Main.tcl"/>
  <File Type="RDS-PROPCONSTRS" Name="Main_drc_synth.rpt"/>
  <File Type="REPORTS-TCL" Name="Main_reports.tcl"/>
  <File Type="RDS-RDS" Name="Main.vds"/>
  <File Type="RDS-UTIL" Name="Main_utilization_synth.rpt"/>
  <File Type="RDS-UTIL-PB" Name="Main_utilization_synth.pb"/>
  <File Type="RDS-DCP" Name="Main.dcp"/>
  <File Type="VDS-TIMINGSUMMARY" Name="Main_timing_summary_synth.rpt"/>
  <File Type="VDS-TIMING-PB" Name="Main_timing_summary_synth.pb"/>
  <FileSet Name="sources" Type="DesignSrcs" RelSrcDir="$PSRCDIR/sources_1">
    <Filter Type="Srcs"/>
    <File Path="$PSRCDIR/sources_1/new/CPU.v">
      <FileInfo>
        <Attr Name="ImportPath" Val="$PPRDIR/../Lab4_2/Lab4_2.srcs/sources_1/new/CPU.v"/>
        <Attr Name="ImportTime" Val="1543463884"/>
        <Attr Name="UsedIn" Val="synthesis"/>
        <Attr Name="UsedIn" Val="implementation"/>
        <Attr Name="UsedIn" Val="simulation"/>
      </FileInfo>
    </File>
    <Config>
      <Option Name="DesignMode" Val="RTL"/>
      <Option Name="TopModule" Val="Main"/>
      <Option Name="TopAutoSet" Val="TRUE"/>
    </Config>
  </FileSet>
  <FileSet Name="constrs_in" Type="Constrs" RelSrcDir="$PSRCDIR/constrs_1">
    <Filter Type="Constrs"/>
    <Config>
      <Option Name="ConstrsType" Val="XDC"/>
    </Config>
  </FileSet>
  <Strategy Version="1" Minor="2">
    <StratHandle Name="Vivado Synthesis Defaults" Flow="Vivado Synthesis 2018"/>
    <Step Id="synth_design"/>
  </Strategy>
</GenRun>
